	https://data.gov.il/dataset/73aae9b9-65ba-4fcf-a51b-feebc3da9f8d/resource/52287708-9fa5-4f5a-9e4e-cc414270c257/download/hzr.zip
אום אל פאחם	https://data.gov.il/dataset/e2c3494e-d11b-4d2d-a516-647ff4d03fe6/resource/0e94d275-6f9b-4d0e-a370-640a78fa3066/download/ufh.zip
אורון	https://data.gov.il/dataset/3fb91415-9c2b-440e-beef-b244912c32e1/resource/e752fc65-2564-46bc-bd86-9943f94175a9/download/orn.zip
אילת	https://data.gov.il/dataset/fa52fd0f-a718-42d1-ae3b-78c0ab41f806/resource/1282b90f-8b1b-4fff-b9b7-caf6fbec1abb/download/elt.zip
אפיקים	https://data.gov.il/dataset/17d21933-0a14-423b-9b51-6efcdae62b9d/resource/44481db5-d77c-493e-94cb-b87fb8b8487c/download/afq.zip
ארבל	https://data.gov.il/dataset/cb27472e-8f88-4ab4-adf9-821c911b04a7/resource/6aaebcc6-3169-41bd-85ef-50beb392060e/download/arb.zip
אריאל	https://data.gov.il/dataset/79d2069c-1e9f-4880-aba0-0602db14ca62/resource/3792db8b-1333-4a0d-89ae-b3543e067b76/download/arl.zip
אשדוד	https://data.gov.il/dataset/886e5419-2c1b-4048-a32e-1533ccf207c2/resource/ac2a4f36-20df-4af1-8700-5f070e85b719/download/asd.zip
אשקלון	https://data.gov.il/dataset/67e4c5db-74ea-4e2f-82dc-f35b8eba273c/resource/f8fb81c4-9c92-44f7-ae6f-67f6ad9dc4e9/download/asq.zip
אשתמוע	https://data.gov.il/dataset/de406dd6-864f-4ace-a30f-835638acb9c6/resource/ac830697-6e1f-4ce8-a867-ff702cde6fe4/download/est.zip
באר אורה	https://data.gov.il/dataset/bd5a8164-5615-463a-9f4a-d994df09e021/resource/9b8f0046-2d24-49b3-b131-aa2e6d18e3bf/download/bor.zip
באר שבע	https://data.gov.il/dataset/94707dee-e777-41e2-a7a8-077a4d7974ed/resource/05e6fdb4-cb84-4f42-a622-4b35b54887c2/download/bsv.zip
בארות עודד	https://data.gov.il/dataset/e72fe386-80d6-4e7c-8448-ac0a1eabdddd/resource/b80e9977-8e89-4aa8-88e5-669c36e78d7a/download/bod.zip
בית גוברין	https://data.gov.il/dataset/b55a996c-e2e0-475f-bf0f-8d652c97d5c7/resource/ef912cad-4375-4d41-9790-2fde588145ae/download/bgv.zip
בית שאן	https://data.gov.il/dataset/c958eec8-4e98-4387-b783-2ce632e6c03c/resource/4533ea9c-950d-448c-b83f-9a207be34f71/download/bsh.zip
בית שמש	https://data.gov.il/dataset/ad320a83-48a9-4201-b59f-4ceeddbca442/resource/b752921d-7620-42d6-abc0-53db68d2206c/download/bsm.zip
בקעות	https://data.gov.il/dataset/dc0b20a2-9e2e-486f-a511-d4e3674ea4c5/resource/0d1f45b4-4f42-4efe-adc4-1968d5613ed5/download/bqt.zip
גדרה	https://data.gov.il/dataset/1f565f98-2c07-49ba-8d67-4bebf32d4c44/resource/3cc15f20-9cfd-45ab-80c7-b0333047b26d/download/gdr.zip
דימונה	https://data.gov.il/dataset/34dede7a-1361-4beb-9c1a-66d7ad89e06b/resource/b6c7cf4b-984d-45b2-b715-2727c42560ae/download/dmn.zip
המכתש הקטן	https://data.gov.il/dataset/fae2ff9b-fbd2-4a42-af19-4fb78905dc67/resource/6ef930a0-17c7-4c9e-8d04-ea0b8c4deb8c/download/mkt.zip
הר ארדון	https://data.gov.il/dataset/2ea2e4be-9885-44c0-9376-69bd157e535a/resource/ca8a5b01-4fad-4ac2-9bc4-20e5056c99b8/download/hrd.zip
הר חמרן	https://data.gov.il/dataset/000e1eb3-53ad-4bd9-bee7-b3b296453fef/resource/f3517c4f-41f3-4069-aa5e-8e94cbc34f47/download/hmr.zip
הר כרכם	https://data.gov.il/dataset/dd10be76-9d94-4e5f-80e9-2186f47cae3b/resource/49504cfb-65af-45d5-bd8b-cb2591ec493a/download/hkr.zip
הר לוץ	https://data.gov.il/dataset/3a3e971e-8a45-48ef-bc5a-98a0cb140b3a/resource/0b06c58c-603f-4fa4-a444-388432a86b83/download/hlz.zip
הר צניפים	https://data.gov.il/dataset/30e98ecf-c9ce-43fb-a78d-e1ef539e10ac/resource/eccc6205-3819-481d-a04f-f1c1ad1c3c82/download/hzf.zip
הר שגוב	https://data.gov.il/dataset/3eaad111-c922-4386-b5c4-29f1e129ecb4/resource/03359065-1641-4173-a98c-90beef0cdd6c/download/hsv.zip
הר שגיא	https://data.gov.il/dataset/0a612be2-75ab-4af7-90ad-75433af8b000/resource/db0017e1-7230-48ed-a068-42b46e8887c0/download/hsg.zip
חברון	https://data.gov.il/dataset/fb2dbcb2-cc7e-4b13-b508-dbebccae56ff/resource/c84648e1-fa5b-41af-a189-6ca110b052a0/download/hvr.zip
חדרה	https://data.gov.il/dataset/5f0c04ab-d1ad-4e06-a2c8-ba00900e9439/resource/bac95f46-8945-416a-b115-307233326566/download/hdr.zip
חולות עגור	https://data.gov.il/dataset/ff129584-dad7-4f84-bfb6-ec604d23048f/resource/6f2d2f69-3909-489b-b0bc-ebaec34759ed/download/hag.zip
חיפה	https://data.gov.il/dataset/2a1ebde3-4ca2-4806-a81f-153a9ecdf52f/resource/e8bf30ef-dfcb-4ccc-834c-ce0cc9962688/download/hef.zip
טבריה	https://data.gov.il/dataset/2dfea270-400d-4489-b9f6-1bddae2df567/resource/d7ad0794-233c-45ac-a342-a7772f209d78/download/tvr.zip
יהל	https://data.gov.il/dataset/a167bb7c-f82e-44f3-8192-6b946d5c057f/resource/a8967bef-7779-489d-999a-4d42dd9f1429/download/yhl.zip
יטבתה	https://data.gov.il/dataset/0905e5fb-5985-4c15-b7be-e9cc3eab0098/resource/795ed142-b143-4d70-bb83-c62ea8719429/download/ytv.zip
ירושלים	https://data.gov.il/dataset/c45f869f-606d-47cb-98d8-abf9aa1f34d5/resource/f4598554-9077-454d-856d-ada98dfbb6c1/download/yrs.zip
יריחו	https://data.gov.il/dataset/dd787073-8335-4851-9600-de59c2b063df/resource/cb1a8b01-af7b-47ba-bfe6-4b1264e92705/download/yrh.zip
כפר סבא	https://data.gov.il/dataset/6c355dc2-b51f-48df-afbd-e0c5ab68c689/resource/53ecf1e0-9f5f-4bd9-a60e-76033d45edb7/download/ksb.zip
לוד	https://data.gov.il/dataset/ecb05eb3-d4b9-4cc9-bd4b-4dca3f4d92c5/resource/47955660-ae3a-40f5-b92d-0674d6aaedba/download/lod.zip
מטולה	https://data.gov.il/dataset/f89292da-ca3d-4986-923c-c0c136a83aa8/resource/9339ad19-d7bc-4efc-86e2-5497e4d681ca/download/mtl.zip
מעלה אפרים	https://data.gov.il/dataset/b1e62c60-87ee-41c2-ae06-b5bc90ab5ee1/resource/5fd44687-6adc-44e9-88ee-c411dbec8c9d/download/mef.zip
מצפה סיירים	https://data.gov.il/dataset/c0f12a4f-6c9d-4e37-ad13-e6c572d37846/resource/dc5c6736-c457-491b-b2f9-4942ccb1da43/download/msr.zip
מצפה רמון	https://data.gov.il/dataset/5c8e5706-eb29-48fd-8bfd-7abbc6ffa6b0/resource/9531ae2f-ee7a-45e6-a440-a4b01984fbc1/download/mzr.zip
מצפה שלם	https://data.gov.il/dataset/cdf9e0fa-dd46-48fc-9ab1-29fe35c52b70/resource/a746785c-1881-433e-bc0b-f930885f9620/download/msh.zip
מרום גולן	https://data.gov.il/dataset/a88bc2e5-8641-4fcd-8a5a-b2f85f009df1/resource/48b2a492-feb1-4b3e-8529-dc907d02909c/download/mgl.zip
משמר הנגב	https://data.gov.il/dataset/7f1ed819-8bbb-4b2d-a295-359f6e4ed09f/resource/c62bf182-b753-48ac-b44d-54d59ac7c1ee/download/mng.zip
נאות הכיכר	https://data.gov.il/dataset/ab1bb915-4e84-425f-a7ef-8260bb433f26/resource/4734cdb6-6111-4fba-8399-c2995d92a8f1/download/nkr.zip
נהריה	https://data.gov.il/dataset/e679f031-2174-4cb3-8433-6e37d2b34e84/resource/f57cdd1f-4f1d-4b9e-8b4c-5da1ec2bae51/download/nhr.zip
נוה זוהר	https://data.gov.il/dataset/7891fbd3-fcd1-4b75-b791-a0fa5ea90305/resource/4d39ff15-6e34-4625-86ed-e926e81da6d0/download/nvz.zip
ניר יצחק	https://data.gov.il/dataset/ef1dd8de-afb9-4f66-ae6a-5b83484fd8c8/resource/912d8940-6b31-4af5-8cb5-a83464a1c88d/download/nyz.zip
נירים	https://data.gov.il/dataset/4aae4b95-8866-4f3e-b73c-b433f10ccdcb/resource/de345c3c-d68e-4dc4-a9d7-b2aa8eb37c45/download/nrm.zip
נצנה	https://data.gov.il/dataset/656b4e95-5bf5-474c-8601-713320612bd4/resource/8b9da2eb-b57b-47e9-b806-95db5fdf18bc/download/nzn.zip
נצרת	https://data.gov.il/dataset/318692e3-fda3-4faf-b6bb-83dbd0abdedd/resource/74d4a0d1-3234-4f4b-91c6-98f6e7e81722/download/nzr.zip
נצרת עלית	https://data.gov.il/dataset/310c55ab-bbe3-455e-a7f2-784cd9a67513/resource/42170b78-a7df-439c-8b9a-0bd72696b388/download/nzl.zip
נתיבות	https://data.gov.il/dataset/a06797a3-1699-43ac-8e58-7026927bb315/resource/afcd664f-ee8f-4c9e-93a4-b9d113be083f/download/ntv.zip
נתניה	https://data.gov.il/dataset/583a907a-1d6c-4d44-b384-575fd6f26c0e/resource/7d27b330-0d4b-43c8-bdc6-f23c641ba97f/download/ntn.zip
סדום	https://data.gov.il/dataset/730c7e55-09e4-4ac4-8d23-e316516ed20f/resource/09b2c0f6-fe25-40b1-a1e8-cccfe9e3577a/download/sdm.zip
עין גדי	https://data.gov.il/dataset/9dbaceb5-03fc-4866-8c9f-377462a91f10/resource/f2a4ea15-16fa-46a5-b5ec-4dcef08959b7/download/egd.zip
עין זיון	https://data.gov.il/dataset/56eade4d-5a14-462d-aa12-bacdc0be955a/resource/8dceab2b-f1bb-4d58-90ca-783be2bd15e1/download/ezv.zip
עין יהב	https://data.gov.il/dataset/f61381c6-b159-4b52-bd21-cd68999ed35f/resource/77a0732d-839e-4999-9e6a-9132a2639249/download/eyv.zip
ערד	https://data.gov.il/dataset/39f02a39-29cc-4789-806e-6b23d55c282f/resource/8b06b486-c161-4fd9-a8e6-a0ca95d95582/download/ard.zip
עתלית	https://data.gov.il/dataset/59283ec4-4ae8-4c6d-978e-ea95d21e45dc/resource/38d6c452-1b81-4241-8e38-6c2212902aa5/download/atl.zip
פארן	https://data.gov.il/dataset/e59cf0ae-4505-418e-ba6d-57347f015fe0/resource/02a04f0f-fad6-405e-9360-398a5d8353b1/download/frn.zip
צאלים	https://data.gov.il/dataset/933c09b6-d696-47d5-b2aa-bb039c279173/resource/c4a2008b-b638-45ca-b742-5106c960158e/download/zlm.zip
צופר	https://data.gov.il/dataset/ebca05b0-e257-46b6-9700-9c648c7a2a1a/resource/b39f7f05-42e4-4ec3-8ceb-a5cfb7e538d6/download/zfr.zip
צפת	https://data.gov.il/dataset/9fc28dd3-1e48-4236-b2ee-b2c87fb750fc/resource/1c494533-7e47-4390-b39f-995c6ae74798/download/zft.zip
קליה	https://data.gov.il/dataset/82bf7aed-57d6-44f4-aed7-4d27d9de2b6a/resource/55d6c5c0-2949-4fe6-9703-7257415f9d31/download/qly.zip
קרית גת	https://data.gov.il/dataset/484f40d2-7bcd-43a1-9709-bfcf499a8a3a/resource/fcf05a72-be0b-4303-9919-525e17504daf/download/qgt.zip
ראש פינה	https://data.gov.il/dataset/0bd40f79-1acd-4ae7-9090-595f1ebfa0a6/resource/a0e3b3ef-6d60-4c0b-8b9f-71ffcf94458d/download/rpn.zip
ראשון לציון	https://data.gov.il/dataset/5856168b-178d-44b8-bc2e-5158288be660/resource/160da70e-695f-4f52-a79b-7d12888872d9/download/rsh.zip
רביבים	https://data.gov.il/dataset/6ab1173b-f8b6-45d1-a19d-a9bca6dd190c/resource/fe0442fb-9a8b-4d79-8f92-ef348c306bb2/download/rvm.zip
רחובות בנגב	https://data.gov.il/dataset/d2654222-4b3e-4712-a22f-a163727f34ba/resource/6508b570-42a0-494c-a371-8caf33a4b59f/download/rng.zip
רמאללה	https://data.gov.il/dataset/a9f7536f-e30d-4f42-ba50-c87b65198898/resource/c4fed72a-d70b-49d7-b887-c6bd48e673bd/download/rml.zip
רמת מגשימים	https://data.gov.il/dataset/6f3b9e11-3d67-4aa1-859d-fac3e065d2c9/resource/66905fac-dd63-44e9-9e43-e089f9a55efe/download/rmg.zip
שבטה	https://data.gov.il/dataset/140ed8ea-3ecf-4ab8-ad94-620e354ca6be/resource/21d6c0f3-870f-445a-ad19-64b383314a93/download/svt.zip
שדה בוקר	https://data.gov.il/dataset/270d3e26-c591-4d59-94e0-5e740d6d8e30/resource/7948004e-8f68-4cc1-b1c7-92fa2b9e9bd8/download/sdb.zip
שכם	https://data.gov.il/dataset/4859fbbf-e252-4994-a629-23056f3e7d29/resource/698d0d1d-2015-431e-b336-10e936961070/download/shk.zip
שפרעם	https://data.gov.il/dataset/fd6673da-0d49-48cd-9795-1fbf3acd734d/resource/c6fa7c40-bdb7-403c-adec-7eb0629af5c4/download/shf.zip
תל אביב	https://data.gov.il/dataset/fd445895-e58e-4d8b-a165-4b6fec636770/resource/273447a7-06b3-482e-8362-a9218b1c480c/download/tly.zip
תל מלחתה	https://data.gov.il/dataset/732b1925-39c2-4dd9-9de8-ca60d78f8331/resource/402332e8-e812-46eb-a6ab-cb092eca994d/download/tmt.zip
